car_ordinal,car_name
247,1969 Toyota 2000GT
249,1964 Ferrari 250 GTO
251,1954 Mercedes-Benz 300 SL
253,1994 Ferrari 355 Berlinetta
255,1991 Ferrari 512 TR
260,1973 Porsche Carrera RS
261,1995 Porsche 911 GT2
262,2004 Porsche 996 GT3
265,1982 Porsche 911 Turbo
268,1989 Porsche 944 turbo
269,1987 Porsche 959
281,1968 Plymouth Barracuda
289,1969 Chevrolet Camaro SS
292,2003 Porsche Carrera GT
295,2003 Toyota Celica SS-I
296,1998 TVR Cerbera
299,1970 Chevrolet Chevelle
302,2004 Honda Civic Type R
306,1965 Shelby Cobra 427
309,1995 Volkswagen Corrado
312,1967 Chevrolet Corvette Stingray
314,2002 Chevrolet Corvette Z 06
315,1970 Chevrolet Corvette ZR 1
316,1988 Lamborghini Countach
320,1991 Honda CR-X Si
323,1992 Lancia Delta
324,1999 Lamborghini Diablo GTR
325,1997 Lamborghini Diablo SV
326,1969 Ferrari Dino 246
327,1995 Mitsubishi Eclipse GSX
333,2002 Ferrari Enzo
336,1961 Jaguar Etype
338,1997 McLaren F 1 GT
340,1987 Ferrari F 40
342,1995 Ferrari F 50
343,1969 Nissan Fairlady 432 Z
344,2003 Nissan Fairlady Z
345,1994 Nissan Fairlady Zv STwin Turbo
348,2005 Ford gt
353,1992 Volkswagen Golf GTi 16 v Mk 2
357,1997 Mitsubishi GTO
358,1984 Ferrari GTO
363,1998 Subaru Impreza 22 b
364,2004 Subaru WRXSTi
365,2005 Subaru WRXSTi
368,2001 Acura Integra Type R
374,2006 Mitsubishi Lancer Evo IXMR
378,2004 Mitsubishi Lancer Evo VIIIMR
379,2005 Subaru Legacy B 4 GT
382,1997 BMW E 36 M 3
383,2005 BMW E 46 M 3
391,2004 Maserati MC 12
398,1995 Toyota MR 2 GT
405,2000 Ford Mustang Cobra R
411,2005 Honda NSXR
412,1992 Honda NSXR
417,1987 Buick Regal GNX
419,2006 Audi RS 4
420,2003 Audi RS 6
422,2002 Acura RSX Type S
423,1990 Mazda RX 7
427,2003 Honda S 2000
433,2005 TVR Sagaris
440,1994 Nissan Silvia Ks
455,1985 Toyota Sprinter
458,1974 Lancia Stratos
460,1992 Toyota Supra 20 GT
461,1998 Toyota Supra RZ
483,1999 Dodge Viper GTSACR
489,1993 Jaguar XJ 220
513,1969 Dodge Charger RT
567,1998 Nissan R 390
568,1998 Mercedes-Benz CLKGTR
569,2005 Honda NSXRGT
615,2007 Peugeot 207 Super 2000
625,2007 Honda Civic Type R
633,1983 Audi Sport Quattro
634,1980 Renault 5 Turbo
637,1967 Lamborghini Miura P 400
639,1970 Dodge Challenger Hemi
641,1998 Porsche 996 GT 1
1006,2005 Ferrari FXX
1007,2008 Koenigsegg CCGT
1009,2008 Mitsubishi Lancer Evo XGSR
1011,2008 BMW M 3 E 92
1020,1996 Ferrari f 50 gt
1022,2007 Ferrari F 430 Scuderia
1023,1989 Ferrari F 40 Competizione
1032,2008 Alfa Romeo 8 C
1034,1994 Toyota Celica ST 205
1040,1981 BMW M 1
1041,1993 Ford Mustang SVTCobra R
1042,1971 Nissan Skyline 2000 GTR
1045,1987 Pontiac Trans Am GTA
1046,2008 Dodge Viper SRT 10 ACR
1052,2006 Dodge Ram SRT 10
1059,2008 BMW Z 4 MCoupe
1060,2008 Subaru WRXSTi
1063,1969 Dodge Charger Daytona
1064,1979 Chevrolet Camaro Z 28
1069,2009 Chevrolet Corvette ZR 1
1086,2009 Ford Focus RS
1090,2009 Mercedes-Benz SL 65 AMG
1093,1960 Chevrolet Corvette
1103,2010 Nissan 370 Z
1104,1970 Nissan 510
1105,1964 Aston Martin DB 5 Vantage
1108,1987 Ford RS 200 Evolution
1110,1994 Mazda Miata
1124,1980 Fiat 131 Abarth Stradale
1126,2009 BMW M 5
1130,2011 McLaren MP 412 C
1131,2010 Ferrari F 142
1150,1965 Alfa Romeo GTA
1155,1965 Shelby Cobra Daytona
1171,2010 Ferrari 599 XX
1173,2010 Lamborghini LP 6704 SV
1175,2010 Pagani Zonda R
1184,2009 Audi RS 6
1200,2009 Audi R 8 LMS
1204,2010 Renault Megane RS 250
1215,2000 Nissan CAR
1216,2011 Audi RS 3
1220,2010 Audi TTRS
1221,2010 Mazda Mazdaspeed 3
1229,2008 Mazda Furai
1231,2010 Volkswagen Golf R
1253,2010 Noble M 600
1260,2010 Lexus LFA
1269,1973 BMW 2002 Turbo
1270,1982 DeLorean DMC 12
1272,1992 Ford Escort RSCosworth
1273,1997 Honda Civic Type R
1276,1977 Pontiac Firebird Trans Am
1277,1971 Chrysler Cuda 426
1278,1973 Ford XBFalcon GT
1282,1994 Nissan 240 SX
1291,1970 Chevrolet El Camino SS
1293,1987 Ford RS 500
1294,1992 GMC Syclone
1296,1990 Mercedes-Benz 190 E
1299,1983 Volvo 242 Turbo
1300,1964 Chevrolet Impala SS
1301,1956 Jaguar DType
1314,1993 McLaren F 1
1323,2011 Subaru WRXSTi
1330,1970 Chevrolet Camaro Z 28
1332,1968 Dodge Dart
1335,1991 Mazda 55 787 B
1350,2011 BMW X 5 M
1352,1970 Dodge superbee
1355,1965 Ford Mustang
1367,2003 BMW M 5 E 39
1368,1988 BMW M 5 E 28
1369,2009 Pagani Zonda Cinque
1376,1999 Lotus Elise
1379,1996 Chevrolet Impala SS
1381,1992 Mitsubishi Galant VR 4
1382,1990 Subaru Legacy RS
1388,2012 BMW M 5
1392,2011 Lamborghini Sesto Elemento
1393,1992 Alfa Romeo 155
1394,1993 GMC Typhoon
1395,1989 Toyota MR 2 SC
1397,2011 Koenigsegg Agera
1398,2012 Lamborghini LP 7004
1417,2011 Audi RS 5
1418,1995 BMW M 5
1426,2011 Mazda RX 8 R 3
1428,2011 Volkswagen Scirocco R
1429,1969 Chevrolet Nova SS
1435,1966 Volkswagen Beetle
1459,1957 Chevrolet Bel Air
1477,2011 Ford Transit SSV
1478,1986 Audi 2 Sport Quattro
1480,1985 Mazda RX 7
1481,1965 Austin-Healey 3000
1493,1996 BMW 850 CSi
1500,2012 Mercedes-Benz C 63 AMG
1513,1997 Maserati Ghibli
1514,1973 Mazda RX 3
1517,1990 Toyota Celica ST 185
1522,2012 Jeep Wrangler
1529,1974 Ford Capri
1532,2012 Hennessey Venom GT
1533,1977 Holden Torana
1537,1973 Toyota Corolla SR 5
1549,1968 Alfa Romeo 33 Stradale
1559,1955 Mercedes-Benz 300 slr
1562,2013 Viper Viper
1564,1953 Chevrolet Corvette
1568,1974 Honda Civic RS
1575,1988 Chevrolet Monte Carlo
1578,1963 Ferrari 250 GTLusso
1586,1962 Lincoln Continental
1587,1972 Mazda Cosmo
1591,1984 Peugeot 205 T 16
1598,2010 BMW M 3 GTS
1599,2012 Ferrari 599 XXEvolution
1601,2012 Lamborghini Gallardo LP 570 Spyder
1607,2013 Audi RS 4 Avant
1627,2013 Mercedes-Benz G 65 AMG
1650,1986 Honda Civic Si
1651,2013 Ariel Atom
1654,2013 Ford Mustang GT 500
1655,2013 Subaru BRZ
1658,2013 Mercedes-Benz A 45 AMG
1661,1986 Lancia Delta S 4
1662,1965 MINI Cooper S
1667,2013 McLaren P 1
1668,1969 Ford mustangboss 302
2002,2012 Nissan GT-R
2003,2013 MINI JCWGP
2004,2013 Mazda MX 5
2006,1995 Chevrolet Corvette ZR 1
2007,2013 Toyota GT 86
2009,2013 Audi RS 7
2010,2013 Audi R 8 Plus
2017,1968 Fiat 595 SS
2019,2003 Ford focusrs
2034,2013 Ferrari La Ferrari
2038,2014 Alfa Romeo 4 C
2040,2014 BAC Mono
2042,2013 Lamborghini Veneno
2119,1984 Honda CRXMugen
2121,1994 Honda Prelude
2128,2013 Cadillac XTSLimo
2131,2014 Holden HSVGTS
2133,2015 BMW i 8
2140,1981 Subaru BRAT
2142,2014 Volkswagen Golf R
2145,2014 Ford Ranger T 6
2147,1986 MG metro 6 r 4
2148,2013 MINI xraidcountryman
2149,1993 Renault Clio Williams
2151,1963 Volkswagen Type 2
2154,2014 BMW M 4
2161,1965 Alfa Romeo Giulia TZ 2
2163,2015 Honda Civic Type R
2164,2015 Lamborghini Huracan
2168,2015 Subaru WRXSTI
2171,2005 Mazda MX 5
2175,2015 Lexus RCF
2177,2015 Chevrolet Corvette Z 06
2178,2001 Audi RS 4
2179,2015 Audi S 1
2180,2015 Audi RS 6
2183,2015 Chevrolet Camaro Z 28
2184,2015 Ferrari 458 Speciale
2188,2015 Koenigsegg one
2205,1970 Honda S 800
2216,1958 Plymouth Fury
2217,1996 Subaru SVX
2242,2015 Mercedes-Benz AMGGT
2262,2016 Cadillac ATSV
2263,2015 Dodge Challenger Hellcat
2267,2016 Mazda MX 5
2270,1973 Nissan Skyline GT-R
2272,1969 Datsun 2000
2290,2014 Porsche 918 Spyder
2297,2012 Porsche 911 GT 3 RS
2357,2017 Ford Focus RS
2363,2016 Ford Phoenix
2371,2016 Ferrari FXXK
2372,2032 Ford Coupe
2400,2016 Ford Shelby GT 350 R
2412,1962 BMW isetta
2416,1971 Meyers Manx
2420,1984 Opel manta 400
2421,2016 Cadillac CTSVSedan
2422,2016 Holden HSVGTSMaloo
2430,2016 Ariel Nomad
2467,2016 Ferrari 488 gtb
2468,2015 Dodge chargersrthellcat
2469,1965 Toyota Sports 800
2470,2016 Aston Martin Vulcan
2471,2016 Mercedes-Benz C 63 AMGCoupe
2472,2016 McLaren 570 S
2473,2016 Audi r 8 v 10 plus
2486,2015 Radical RXC
2489,2016 Fiat 695 Abarth
2494,2015 Land Rover rangeroversvr
2507,1955 Chevrolet 150 Utility Sedan
2512,1987 Nissan Skyline GTSR
2515,2011 Penske Cholla
2517,2014 Ford 11 F 150 Trophy Truck
2526,2016 Koenigsegg regera
2527,2017 Aston Martin DB 11
2534,1993 Porsche 968 Turbo S
2535,1993 Porsche 928 GTS
2542,2016 Alfa Romeo Giulia
2544,2016 Dodge Viper ACR
2549,1970 Porsche 3 917 LH
2551,2015 Ford Pursuit Ute
2552,2015 Ariel Class 10
2563,1972 Reliant Supervan III
2566,1975 Toyota FJ 40
2568,1969 Volkswagen Class 5 Bug
2569,2015 Ultima Evolution Coupe
2574,2015 343 Industries Warthog
2577,2015 Ferrari F 12 tdf
2613,1970 GMC Jimmy
2614,1968 Ford Mustang GT 390
2616,2017 Lamborghini Bellissima
2618,2017 Nissan GT-R
2625,2016 Bentley bentayga
2628,2016 BMW M 4 GTS
2636,1993 Toyota 1 Baja Truck
2647,2016 Pagani huayra
2649,2010 Ford crownvictoria
2652,1997 Mitsubishi Pajero Evo
2654,2017 Mercedes-Benz AMGGTR
2659,1998 Nissan Silvia Ks
2663,2016 RJ Anderson 37 Pro 2 Truck
2711,2010 Mazda Mazdaspeed 3 Traffic
2712,1992 Mitsubishi Galant VR 4 Traffic
2713,2014 Playground Games Box Truck Traffic
2714,2014 Playground Games Bus Traffic
2738,1995 Nissan gtrlm
2739,2017 Chevrolet camarozl 1
2742,2017 Jeep Trailcat
2743,2016 Toyota Land Cruiser Arctic
2745,2015 Honda Trophy Truck
2755,2017 Porsche Raymond
2773,2018 Porsche Cayenne
2792,1966 Ford 2 GT 40
2793,1967 Ferrari 24 330 P 4
2794,1993 Porsche 911 Turbo S
2801,1984 Nissan 11 Skyline
2822,1985 Nissan Safari
2825,1997 Lotus Elise GT 1
2841,2018 Jeep Trackhawk
2870,2018 Honda Civic Type R
2871,2018 Can-Am Maverick
2872,2019 Hyundai Veloster N
2902,2018 Playground Games Flatbed Truck Traffic
2903,2005 Subaru Legacy B 4 GT Traffic
2909,2018 Dodge Demon
2910,2017 Koenigsegg Agera RS
2935,2018 Funco F 9
2937,2017 Ford 14 Fiesta GRC
2968,2023 Aston Martin Valkyrie
2974,2018 Ferrari 812 Superfast
2986,2017 Mercedes-Benz Unimog
2987,1962 Peel P 50
2992,1964 Jaguar Etype Lightweight
2993,2018 TVR Griffith
2995,1983 Volkswagen Golf GTI
2996,2015 Ford 13 Mustang FD
2997,2016 Holden 530 Maloo FD
3000,1997 Nissan 777 240 SXFD
3003,2006 Dodge 43 Viper FD
3007,2017 Volkswagen 34 Beetle GRC
3031,1986 Porsche 186 959
3035,2018 KTM XBow GT 4
3037,1989 BMW 98 325 i FD
3051,2017 Ford MSport Fiesta
3055,2010 Jaguar CX 75
3062,1970 Ferrari 512 S
3063,2018 Mercedes-Benz XClass
3064,2018 Mercedes-Benz AMGGT 4
3072,2018 Porsche 911 GT 3 RS
3082,2006 Maserati MC 12 Corsa
3087,2014 McLaren 650 SSpider
3088,2018 Chevrolet Deberti Drift Truck
3091,2018 Aston Martin Vantage
3107,2014 Mercedes-Benz G 63 AMG 6 x 6
3108,2018 Ford Mustang RTRSpec 5
3110,2013 Jeep Deberti Wrangler
3117,2018 Porsche 718 Cayman GTS
3118,2019 Chevrolet Corvette ZR 1
3120,2019 Lamborghini Urus
3123,2019 Porsche 992
3128,2017 Ford 25 Ultra 4 Bronco
3129,2008 Renault Megane R 26 R
3132,2018 MINI JCWBuggy
3134,2018 Renault Megane RS
3141,2018 Apollo Intensa
3149,2018 Chevrolet Camaro 1 LE
3153,2019 McLaren 600 LT
3156,2019 McLaren Speedtail
3170,1994 Ford Supervan 3
3173,2019 BMW Z 4
3176,1987 Mercedes-Benz AMGHammer
3180,1991 Peugeot 205 Rallye
3184,1977 Ford 5 Escort Mk 2
3185,2019 Aston Martin DBSSuperleggera
3187,2018 Porsche 00 Macan RR
3189,2018 Hennessey Velociraptor 6 x 6
3190,2003 Ford SVTLightning
3211,2019 Aston Martin Vulcan AMRPro
3212,2019 Zenvo TSR-S
3214,2019 Porsche 70 935
3225,2018 Ferrari Portofino
3226,2017 Ferrari J 50
3227,2019 Ferrari 488 Pista
3228,1999 Ford Racing Puma
3232,2013 Chevrolet 777 Corvette FD
3235,1982 Volkswagen Caddy
3241,2018 Subaru 00 VT 18 X
3249,2018 Ferrari 117 599 FD
3250,2018 Mercedes-Benz E 63 SAMG
3255,2020 Jeep Gladiator
3257,1990 Nissan Pulsar GTIR
3277,2020 Ford Mustang GT 500
3287,1991 Jaguar XJR 15
3288,1993 Porsche 962 CRS
3289,2019 Lamborghini Aventador SVJ
3293,1993 Jaguar XJ 220 S
3307,2019 Nissan 370 ZNismo
3311,2018 Ferrari FXXKEvo
3312,2019 Ferrari Monza SP 2
3315,2020 Koenigsegg Jesko
3318,2018 Audi RS 4 Avant
3359,2018 Audi Etron
3363,1998 Nissan 23 Skyline
3364,2021 Aston Martin Valhalla
3367,2020 Ferrari F 8 Tributo
3369,2020 Chevrolet Corvette
3371,2020 Lamborghini Huracan EVO
3373,2019 Toyota 4 Runner TRDPro
3374,2019 Toyota Tacoma TRDPro
3395,1967 Renault 8 Gordini
3400,2019 Mazda 99 RX 8 FD
3402,2020 Toyota Supra GR
3404,2020 Ford 2069 Bronco R
3411,1995 Toyota 34 Supra Mk IV
3412,2019 Subaru WRXSTi S 209
3413,2019 Volkswagen Golf R
3414,2020 Land Rover Defender
3434,2020 BMW M 2 Comp
3439,2019 Ford F 250 Deberti
3441,2019 Toyota Tacoma Deberti
3445,2020 Porsche Taycan Turbo S
3449,2020 Lotus Evija
3454,2020 Audi RS 3 Sedan
3476,2020 Ford F 450 DRW
3477,2020 Chevrolet Silverado LTZ 71
3482,2021 McLaren 765 LT
3486,2012 Jeep Wrangler Traffic
3498,2017 Saleen S 7 LM
3518,2020 BMW M 8
3520,2021 Lexus LC 500
3523,2020 Toyota 151 Supra GRFD
3524,2019 Toyota 411 Corolla FD
3533,2022 Volkswagen Golf R
3534,2021 MINI JCWGP
3539,2020 Sierra Cars 23 Alpha
3540,2021 Sierra Cars 00 RX 3
3543,2022 Pagani Huayra R
3548,2020 Wuling Hongguang S
3549,2020 Ariel 122 Class 1
3551,2020 BMW 91 M 2 FD
3554,2005 Mitsubishi 1 Evo TA
3580,2019 Aston Martin DBX
3583,2021 Audi RS 6 Avant
3584,2021 Audi RS 7
3590,1973 Chevrolet CKPickup
3594,2021 Ferrari Roma
3595,2020 Ferrari SF 90 Stradale
3597,1983 Ford F 150
3599,2022 Gordon Murray Automotive T 50
3600,2021 Hennessey Venom F 5
3603,2019 Jeep 4422 Trophy
3604,2019 Jimco Hammer Head Buggy
3605,2019 Jimco Trophy Truck
3606,2021 Lamborghini 63 Essenza
3608,2021 Lamborghini Sian Roadster
3611,2022 Maserati MC 20
3616,2021 Mercedes-Benz GTBlack Series
3617,2022 Mercedes-Benz SL 63 AMG
3622,2019 Nissan GTRNismo
3625,2021 Rimac Nevera
3629,2021 Toyota Yaris GR
3631,2022 Aston Martin Valkyrie AMRPro
3645,2021 BMW M 4
3650,2021 Mercedes-Benz AMGOne
3655,2021 McLaren 620 R
3657,2022 Rivian R 1 T
3661,2018 Lotus Exige Cup 430
3662,2020 RJ Anderson 37 Pro 4
3665,2021 Sierra Cars 00 700 R
3667,2021 Porsche 911 GT 3
3668,2023 McLaren Artura
3670,2001 Ford 4 Focus WRC
3672,2021 Lamborghini Huracan STO
3678,2020 Hyundai i 30 N
3686,2021 Polaris 51 RZRDakar
3687,2021 Polaris RZRPro XP
3692,2022 Ford F 150 Lightning
3693,2021 Ariel 6165 Class 6100
3698,2022 Porsche Mission R
3700,2021 McLaren Sabre
3716,2023 Lotus Emira
3719,2022 Cadillac CT 4 VBlackwing
3720,2022 Cadillac CT 5 VBlackwing
3722,2022 GMC Hummer EV
3724,2022 Ferrari 296 GTB
3726,2023 Acura Integra
3728,2021 Bentley Continental GTC
3735,2022 Subaru BRZ
3736,2022 Ford Bronco Raptor
3737,2022 BMW i X
3744,2023 Nissan 64 ZFD
3745,2020 Audi R 8
3750,1995 Mitsubishi Pajero
3753,2023 Lamborghini Huracan Tecnica
3755,2022 Ford 4 Electric Supervan
3760,2022 Porsche 718 Cayman GT 4 RS
3761,2022 Toyota GR 86
3763,2023 BMW M 2
3764,2022 BMW M 5 CS
3766,2023 Chevrolet Corvette Z 06
3767,2022 Acura NSX Type S
3771,2023 Chevrolet Corvette ERay
3773,2023 Honda Civic Type R
3774,2023 Lamborghini Countach
3775,2022 Lamborghini Aventador Ultimae
3781,2023 Porsche 911 GT 3 RS
3783,1989 Volkswagen Golf Rallye
3785,1997 Toyota Soarer
3789,2022 Wuling Mini EV
3795,2023 Meyers Manx
3798,2017 Mazda 00 MX 5 Cup
3811,2023 Lucid Air
3819,2022 Subaru WRX
3823,2022 Mazda MX 5 RF
3827,2023 Hyundai Ioniq 5 N
3829,2022 Hyundai NVision 74
3840,2023 Lamborghini Huracan Sterrato
3846,2024 Ford Mustang GT
3847,2024 Ford Mustang Dark Horse
3848,2023 Toyota Camry TRD
3849,2023 Ford F 150 Raptor R
3850,2021 Dodge Durango Hellcat
3851,1991 Toyota Sera
3852,1991 Honda Beat
3854,1993 ATS AZ 1
3855,1991 Nissan Figaro
3856,1987 Nissan BE 1
3858,1997 Nissan Stagea
3859,1984 Honda City
3860,1989 Nissan SCargo
3865,1994 Honda Acty
3880,2023 Toyota GRCorolla
3886,1995 Mitsubishi Lancer Evo III
3891,2024 Lamborghini Revuelto
3895,2020 Mercedes-Benz SLC 43 AMG
3903,2023 Ford Fiesta ST
3904,2022 Ford Focus ST
3908,2022 Honda e
3910,2023 Porsche 911 Dakar
3914,1991 Toyota Chaser GT
3917,2023 Audi R 8 GT
3918,1995 Nissan Gloria
3921,2024 Nissan ZNismo
3928,2022 Hyundai i 20 N
3929,1989 Nissan Pao
3933,1997 Toyota Chaser
3953,2023 Porsche 911 Turbo S
3955,2024 Ram TRX
3959,2022 Dodge Challenger SRT
3960,1994 Subaru Vivio RXR
3983,2024 BMW X 6 M
3999,2002 Nissan Silvia Spec R
4038,1999 Toyota Altezza
4055,1996 Toyota Starlet Glanza
4057,1997 Nissan Skyline GT-R
4069,1988 BMW M 3
4081,2024 Koenigsegg Gemera
4084,1972 Datsun 269 240 Z
4085,1990 Mitsubishi 269 Minicab
4090,2001 Mitsubishi Lancer Evo VITME
4094,2024 Nissan GTRNISMO
4114,1992 Nissan Skyline GT-R
4119,1998 Nissan Skyline Autech
4124,2013 Mercedes-Benz G 65 AMG Traffic
4125,1994 Honda Acty Traffic
4126,2022 Honda e Traffic
4127,1995 Mitsubishi Pajero Traffic
4128,2022 Subaru WRX Traffic
4129,1997 Nissan Stagea Traffic
4144,1992 Mazda RX 7
4145,1974 Mazda 123 808 Wagon
4158,2010 Lexus LFAFE
4160,1989 Nissan SCargo FE
4162,1985 Toyota Sprinter FE
4163,2020 Wuling Hongguang SFE
4164,2022 Subaru BRZFE
4165,1973 Mazda RX 3 FE
4166,2023 BMW M 2 FE
4167,2012 Nissan GTRFE
4168,1968 Ford Mustang GT 390 FE
4169,1990 Mercedes-Benz 190 EFE
4171,1983 Ford F 150 FE
4175,2020 Ford F 450 DRWFE
4179,1990 Nissan 12 Skyline GTR
4197,1994 Mazda Miata FE
4198,1999 Dodge Viper GTSACRFE
4199,2019 Toyota Tacoma TRDPro FE
4200,2020 Lotus Evija FE
4210,2018 Lotus 00 Exige WTA
4211,1990 Honda 19 CRXWTA
4212,1993 Nissan 32 Skyline WTA
4213,2000 Nissan 36 Silvia WTA
4214,1995 Toyota 00 Supra WTA
4216,1994 Honda Acty Jobs
4221,2026 Toyota Scallop
4222,1989 Nissan Silvia Ks
4223,2000 Nissan Skyline GTRVSpec II
4231,2004 Honda 52 S 2000 WTA
4232,2005 Porsche 00 Cayman WTA
4234,2008 Honda Civic Type R
4250,1985 Toyota Sprinter TG
4251,2003 Honda S 2000 TG
4252,1998 Subaru Impreza 22 BTG
4254,2001 Honda 33 Integra WTA
4255,2005 Toyota Crown Taxi
4257,2017 Toyota JPNTaxi
4259,2013 Toyota GT 86 Stories
4260,2024 Nissan GTRNISMOID
4261,1995 Porsche 911 GT 2 ID
4263,2026 Toyota Scallop ID
4264,2018 Ferrari FXXKEvo WP
4265,2021 Mercedes-Benz GTBlack Series WP
4266,2021 BMW M 4 WP
4267,2004 Mitsubishi Lancer Evo VIIIMRWP
4268,2023 Ford F 150 Raptor RWP
4277,1992 Honda 21 Civic WTA
4278,2025 Toyota Land Cruiser
4287,1994 Subaru Vivio RXRFE
4303,2012 Nissan GTRTG
4313,1970 Porsche 3 917 LHFE
4315,1962 Peel P 50 Trolli
4332,2005 Toyota Crown Taxi Traffic
4333,2017 Toyota JPNTaxi Traffic
4341,2017 Ferrari J 50 PO
4342,1965 Toyota Sports 800 Fanta
